"arc_length","N","M"
0,1,6.7608e-06
0.001,0.999999,0.000792159
0.002,0.999998,0.00157756
0.003,0.999994,0.00236296
0.004,0.99999,0.00314836
0.005,0.999985,0.00393377
0.006,0.999978,0.00471918
0.007,0.99997,0.0055046
0.008,0.99996,0.00629003
0.009,0.99995,0.00707546
0.01,0.999938,0.0078609
0.011,0.999925,0.00864636
0.012,0.999911,0.00943182
0.013,0.999896,0.0102173
0.014,0.999879,0.0110028
0.015,0.999861,0.0117883
0.016,0.999842,0.0125738
0.017,0.999822,0.0133593
0.018,0.9998,0.0141449
0.019,0.999777,0.0149304
0.02,0.999753,0.015716
0.021,0.999728,0.0165016
0.022,0.999701,0.0172872
0.023,0.999673,0.0180729
0.024,0.999644,0.0188586
0.025,0.999614,0.0196442
0.026,0.999583,0.02043
0.027,0.99955,0.0212157
0.028,0.999516,0.0220015
0.029,0.999481,0.0227873
0.03,0.999445,0.0235731
0.031,0.999407,0.0243589
0.032,0.999368,0.0251448
0.033,0.999328,0.0259307
0.034,0.999287,0.0267167
0.035,0.999244,0.0275026
0.036,0.9992,0.0282886
0.037,0.999155,0.0290747
0.038,0.999109,0.0298608
0.039,0.999062,0.0306469
0.04,0.999013,0.031433
0.041,0.998963,0.0322192
0.042,0.998912,0.0330055
0.043,0.998859,0.0337917
0.044,0.998806,0.0345781
0.045,0.998751,0.0353644
0.046,0.998695,0.0361508
0.047,0.998637,0.0369373
0.048,0.998579,0.0377238
0.049,0.998519,0.0385103
0.05,0.998458,0.0392969
0.051,0.998396,0.0400835
0.052,0.998332,0.0408702
0.053,0.998268,0.0416569
0.054,0.998202,0.0424437
0.055,0.998135,0.0432306
0.056,0.998066,0.0440175
0.057,0.997997,0.0448044
0.058,0.997926,0.0455914
0.059,0.997854,0.0463785
0.06,0.99778,0.0471656
0.061,0.997706,0.0479528
0.062,0.99763,0.04874
0.063,0.997553,0.0495273
0.064,0.997475,0.0503146
0.065,0.997395,0.0511021
0.066,0.997315,0.0518895
0.067,0.997233,0.0526771
0.068,0.99715,0.0534647
0.069,0.997065,0.0542524
0.07,0.99698,0.0550401
0.071,0.996893,0.0558279
0.072,0.996805,0.0566158
0.073,0.996716,0.0574038
0.074,0.996625,0.0581918
0.075,0.996533,0.0589799
0.076,0.99644,0.059768
0.077,0.996346,0.0605563
0.078,0.996251,0.0613446
0.079,0.996154,0.062133
0.08,0.996057,0.0629215
0.081,0.995957,0.06371
0.082,0.995857,0.0644986
0.083,0.995756,0.0652873
0.084,0.995653,0.0660761
0.085,0.995549,0.066865
0.086,0.995444,0.0676539
0.087,0.995337,0.068443
0.088,0.99523,0.0692321
0.089,0.995121,0.0700213
0.09,0.995011,0.0708106
0.091,0.9949,0.0716
0.092,0.994787,0.0723894
0.093,0.994673,0.073179
0.094,0.994558,0.0739686
0.095,0.994442,0.0747584
0.096,0.994325,0.0755482
0.097,0.994206,0.0763382
0.098,0.994086,0.0771282
0.099,0.993965,0.0779183
0.1,0.993843,0.0787085
0.101,0.99372,0.0794988
0.102,0.993595,0.0802892
0.103,0.993469,0.0810797
0.104,0.993342,0.0818704
0.105,0.993213,0.0826611
0.106,0.993084,0.0834519
0.107,0.992953,0.0842428
0.108,0.992821,0.0850338
0.109,0.992688,0.085825
0.11,0.992554,0.0866162
0.111,0.992418,0.0874075
0.112,0.992281,0.088199
0.113,0.992143,0.0889906
0.114,0.992004,0.0897822
0.115,0.991863,0.090574
0.116,0.991721,0.0913659
0.117,0.991578,0.0921579
0.118,0.991434,0.0929501
0.119,0.991289,0.0937423
0.12,0.991142,0.0945347
0.121,0.990995,0.0953271
0.122,0.990846,0.0961197
0.123,0.990695,0.0969124
0.124,0.990544,0.0977053
0.125,0.990391,0.0984982
0.126,0.990237,0.0992913
0.127,0.990082,0.100085
0.128,0.989926,0.100878
0.129,0.989769,0.101671
0.13,0.98961,0.102465
0.131,0.98945,0.103259
0.132,0.989289,0.104052
0.133,0.989127,0.104846
0.134,0.988963,0.10564
0.135,0.988799,0.106435
0.136,0.988633,0.107229
0.137,0.988465,0.108024
0.138,0.988297,0.108818
0.139,0.988128,0.109613
0.14,0.987957,0.110408
0.141,0.987785,0.111203
0.142,0.987612,0.111998
0.143,0.987437,0.112793
0.144,0.987262,0.113589
0.145,0.987085,0.114384
0.146,0.986907,0.11518
0.147,0.986728,0.115976
0.148,0.986548,0.116772
0.149,0.986366,0.117568
0.15,0.986183,0.118365
0.151,0.985999,0.119161
0.152,0.985814,0.119958
0.153,0.985628,0.120755
0.154,0.98544,0.121551
0.155,0.985252,0.122349
0.156,0.985062,0.123146
0.157,0.98487,0.123943
0.158,0.984678,0.124741
0.159,0.984485,0.125538
0.16,0.98429,0.126336
0.161,0.984094,0.127134
0.162,0.983897,0.127932
0.163,0.983699,0.128731
0.164,0.983499,0.129529
0.165,0.983298,0.130328
0.166,0.983096,0.131127
0.167,0.982893,0.131926
0.168,0.982689,0.132725
0.169,0.982484,0.133524
0.17,0.982277,0.134324
0.171,0.982069,0.135123
0.172,0.98186,0.135923
0.173,0.98165,0.136723
0.174,0.981438,0.137523
0.175,0.981226,0.138324
0.176,0.981012,0.139124
0.177,0.980797,0.139925
0.178,0.980581,0.140726
0.179,0.980363,0.141527
0.18,0.980145,0.142328
0.181,0.979925,0.143129
0.182,0.979704,0.143931
0.183,0.979482,0.144733
0.184,0.979259,0.145535
0.185,0.979034,0.146337
0.186,0.978809,0.147139
0.187,0.978582,0.147942
0.188,0.978354,0.148744
0.189,0.978125,0.149547
0.19,0.977895,0.15035
0.191,0.977663,0.151153
0.192,0.97743,0.151957
0.193,0.977196,0.152761
0.194,0.976961,0.153564
0.195,0.976725,0.154368
0.196,0.976488,0.155173
0.197,0.976249,0.155977
0.198,0.976009,0.156782
0.199,0.975768,0.157586
0.2,0.975526,0.158391
0.201,0.975283,0.159197
0.202,0.975038,0.160002
0.203,0.974793,0.160808
0.204,0.974546,0.161613
0.205,0.974298,0.162419
0.206,0.974049,0.163226
0.207,0.973798,0.164032
0.208,0.973547,0.164839
0.209,0.973294,0.165646
0.21,0.97304,0.166453
0.211,0.972785,0.16726
0.212,0.972529,0.168067
0.213,0.972272,0.168875
0.214,0.972014,0.169683
0.215,0.971754,0.170491
0.216,0.971493,0.171299
0.217,0.971231,0.172108
0.218,0.970968,0.172917
0.219,0.970704,0.173726
0.22,0.970438,0.174535
0.221,0.970171,0.175344
0.222,0.969904,0.176154
0.223,0.969635,0.176964
0.224,0.969365,0.177774
0.225,0.969093,0.178584
0.226,0.968821,0.179395
0.227,0.968547,0.180206
0.228,0.968273,0.181017
0.229,0.967997,0.181828
0.23,0.96772,0.182639
0.231,0.967441,0.183451
0.232,0.967162,0.184263
0.233,0.966882,0.185075
0.234,0.9666,0.185888
0.235,0.966317,0.1867
0.236,0.966033,0.187513
0.237,0.965748,0.188326
0.238,0.965462,0.18914
0.239,0.965174,0.189953
0.24,0.964886,0.190767
0.241,0.964596,0.191581
0.242,0.964305,0.192396
0.243,0.964013,0.19321
0.244,0.96372,0.194025
0.245,0.963426,0.19484
0.246,0.96313,0.195656
0.247,0.962834,0.196471
0.248,0.962536,0.197287
0.249,0.962237,0.198103
0.25,0.961937,0.198919
0.251,0.961636,0.199736
0.252,0.961334,0.200553
0.253,0.96103,0.20137
0.254,0.960726,0.202187
0.255,0.96042,0.203005
0.256,0.960113,0.203823
0.257,0.959805,0.204641
0.258,0.959496,0.205459
0.259,0.959186,0.206278
0.26,0.958875,0.207097
0.261,0.958562,0.207916
0.262,0.958249,0.208736
0.263,0.957934,0.209556
0.264,0.957618,0.210376
0.265,0.957301,0.211196
0.266,0.956983,0.212016
0.267,0.956663,0.212837
0.268,0.956343,0.213658
0.269,0.956021,0.21448
0.27,0.955699,0.215301
0.271,0.955375,0.216123
0.272,0.95505,0.216946
0.273,0.954724,0.217768
0.274,0.954397,0.218591
0.275,0.954069,0.219414
0.276,0.953739,0.220237
0.277,0.953409,0.221061
0.278,0.953077,0.221885
0.279,0.952744,0.222709
0.28,0.952411,0.223534
0.281,0.952076,0.224358
0.282,0.95174,0.225183
0.283,0.951402,0.226009
0.284,0.951064,0.226834
0.285,0.950725,0.22766
0.286,0.950384,0.228487
0.287,0.950042,0.229313
0.288,0.9497,0.23014
0.289,0.949356,0.230967
0.29,0.949011,0.231795
0.291,0.948665,0.232622
0.292,0.948318,0.23345
0.293,0.947969,0.234279
0.294,0.94762,0.235107
0.295,0.947269,0.235936
0.296,0.946918,0.236766
0.297,0.946565,0.237595
0.298,0.946211,0.238425
0.299,0.945856,0.239255
0.3,0.9455,0.240086
0.301,0.945143,0.240917
0.302,0.944785,0.241748
0.303,0.944426,0.242579
0.304,0.944065,0.243411
0.305,0.943704,0.244243
0.306,0.943341,0.245076
0.307,0.942977,0.245908
0.308,0.942613,0.246741
0.309,0.942247,0.247575
0.31,0.94188,0.248408
0.311,0.941512,0.249242
0.312,0.941142,0.250077
0.313,0.940772,0.250912
0.314,0.940401,0.251747
0.315,0.940028,0.252582
0.316,0.939655,0.253418
0.317,0.93928,0.254254
0.318,0.938905,0.25509
0.319,0.938528,0.255927
0.32,0.93815,0.256764
0.321,0.937771,0.257601
0.322,0.937391,0.258439
0.323,0.93701,0.259277
0.324,0.936628,0.260115
0.325,0.936245,0.260954
0.326,0.93586,0.261793
0.327,0.935475,0.262632
0.328,0.935089,0.263472
0.329,0.934701,0.264312
0.33,0.934312,0.265152
0.331,0.933923,0.265993
0.332,0.933532,0.266834
0.333,0.93314,0.267676
0.334,0.932747,0.268518
0.335,0.932353,0.26936
0.336,0.931958,0.270202
0.337,0.931562,0.271045
0.338,0.931165,0.271889
0.339,0.930767,0.272732
0.34,0.930368,0.273576
0.341,0.929967,0.274421
0.342,0.929566,0.275265
0.343,0.929163,0.27611
0.344,0.92876,0.276956
0.345,0.928355,0.277802
0.346,0.92795,0.278648
0.347,0.927543,0.279495
0.348,0.927135,0.280341
0.349,0.926726,0.281189
0.35,0.926317,0.282036
0.351,0.925906,0.282885
0.352,0.925494,0.283733
0.353,0.925081,0.284582
0.354,0.924667,0.285431
0.355,0.924252,0.286281
0.356,0.923835,0.287131
0.357,0.923418,0.287981
0.358,0.923,0.288832
0.359,0.922581,0.289683
0.36,0.92216,0.290534
0.361,0.921739,0.291386
0.362,0.921317,0.292238
0.363,0.920893,0.293091
0.364,0.920469,0.293944
0.365,0.920043,0.294798
0.366,0.919617,0.295651
0.367,0.919189,0.296506
0.368,0.91876,0.29736
0.369,0.918331,0.298215
0.37,0.9179,0.299071
0.371,0.917468,0.299927
0.372,0.917035,0.300783
0.373,0.916602,0.30164
0.374,0.916167,0.302497
0.375,0.915731,0.303354
0.376,0.915294,0.304212
0.377,0.914856,0.30507
0.378,0.914417,0.305929
0.379,0.913977,0.306788
0.38,0.913536,0.307648
0.381,0.913094,0.308508
0.382,0.912652,0.309368
0.383,0.912207,0.310229
0.384,0.911762,0.31109
0.385,0.911316,0.311951
0.386,0.910869,0.312814
0.387,0.910421,0.313676
0.388,0.909972,0.314539
0.389,0.909522,0.315402
0.39,0.909071,0.316266
0.391,0.908619,0.31713
0.392,0.908166,0.317995
0.393,0.907712,0.31886
0.394,0.907256,0.319725
0.395,0.9068,0.320591
0.396,0.906343,0.321457
0.397,0.905885,0.322324
0.398,0.905426,0.323191
0.399,0.904966,0.324059
0.4,0.904505,0.324927
0.401,0.904042,0.325796
0.402,0.903579,0.326665
0.403,0.903115,0.327534
0.404,0.90265,0.328404
0.405,0.902184,0.329274
0.406,0.901717,0.330145
0.407,0.901249,0.331016
0.408,0.900779,0.331888
0.409,0.900309,0.33276
0.41,0.899838,0.333633
0.411,0.899366,0.334506
0.412,0.898893,0.335379
0.413,0.898419,0.336253
0.414,0.897944,0.337128
0.415,0.897468,0.338003
0.416,0.896991,0.338878
0.417,0.896513,0.339754
0.418,0.896034,0.34063
0.419,0.895554,0.341507
0.42,0.895073,0.342384
0.421,0.894591,0.343262
0.422,0.894109,0.34414
0.423,0.893625,0.345019
0.424,0.89314,0.345898
0.425,0.892654,0.346777
0.426,0.892168,0.347657
0.427,0.89168,0.348538
0.428,0.891191,0.349419
0.429,0.890702,0.350301
0.43,0.890211,0.351183
0.431,0.889719,0.352065
0.432,0.889227,0.352948
0.433,0.888733,0.353832
0.434,0.888239,0.354716
0.435,0.887744,0.3556
0.436,0.887247,0.356485
0.437,0.88675,0.35737
0.438,0.886252,0.358256
0.439,0.885752,0.359143
0.44,0.885252,0.36003
0.441,0.884751,0.360917
0.442,0.884249,0.361805
0.443,0.883746,0.362694
0.444,0.883242,0.363583
0.445,0.882737,0.364472
0.446,0.882231,0.365362
0.447,0.881725,0.366253
0.448,0.881217,0.367144
0.449,0.880708,0.368035
0.45,0.880199,0.368927
0.451,0.879688,0.36982
0.452,0.879177,0.370713
0.453,0.878664,0.371606
0.454,0.878151,0.3725
0.455,0.877636,0.373395
0.456,0.877121,0.37429
0.457,0.876605,0.375186
0.458,0.876088,0.376082
0.459,0.87557,0.376979
0.46,0.875051,0.377876
0.461,0.874531,0.378774
0.462,0.87401,0.379672
0.463,0.873489,0.380571
0.464,0.872966,0.381471
0.465,0.872442,0.382371
0.466,0.871918,0.383271
0.467,0.871393,0.384172
0.468,0.870866,0.385074
0.469,0.870339,0.385976
0.47,0.869811,0.386879
0.471,0.869282,0.387782
0.472,0.868752,0.388686
0.473,0.868221,0.38959
0.474,0.867689,0.390495
0.475,0.867157,0.3914
0.476,0.866623,0.392306
0.477,0.866089,0.393213
0.478,0.865553,0.39412
0.479,0.865017,0.395028
0.48,0.86448,0.395936
0.481,0.863942,0.396845
0.482,0.863403,0.397754
0.483,0.862863,0.398664
0.484,0.862322,0.399574
0.485,0.86178,0.400486
0.486,0.861238,0.401397
0.487,0.860694,0.402309
0.488,0.86015,0.403222
0.489,0.859605,0.404136
0.49,0.859058,0.40505
0.491,0.858511,0.405964
0.492,0.857964,0.406879
0.493,0.857415,0.407795
0.494,0.856865,0.408711
0.495,0.856314,0.409628
0.496,0.855763,0.410546
0.497,0.855211,0.411464
0.498,0.854658,0.412382
0.499,0.854104,0.413302
0.5,0.853549,0.414221
0.501,0.852993,0.415142
0.502,0.852436,0.416063
0.503,0.851879,0.416985
0.504,0.85132,0.417907
0.505,0.850761,0.41883
0.506,0.850201,0.419753
0.507,0.84964,0.420677
0.508,0.849078,0.421602
0.509,0.848515,0.422527
0.51,0.847952,0.423453
0.511,0.847387,0.42438
0.512,0.846822,0.425307
0.513,0.846256,0.426235
0.514,0.845689,0.427163
0.515,0.845121,0.428092
0.516,0.844552,0.429022
0.517,0.843982,0.429952
0.518,0.843412,0.430883
0.519,0.842841,0.431815
0.52,0.842269,0.432747
0.521,0.841696,0.43368
0.522,0.841122,0.434613
0.523,0.840547,0.435547
0.524,0.839972,0.436482
0.525,0.839395,0.437417
0.526,0.838818,0.438353
0.527,0.83824,0.43929
0.528,0.837661,0.440227
0.529,0.837082,0.441165
0.53,0.836501,0.442103
0.531,0.83592,0.443043
0.532,0.835338,0.443983
0.533,0.834755,0.444923
0.534,0.834171,0.445864
0.535,0.833586,0.446806
0.536,0.833001,0.447749
0.537,0.832415,0.448692
0.538,0.831828,0.449636
0.539,0.83124,0.45058
0.54,0.830651,0.451525
0.541,0.830061,0.452471
0.542,0.829471,0.453418
0.543,0.82888,0.454365
0.544,0.828288,0.455313
0.545,0.827695,0.456262
0.546,0.827101,0.457211
0.547,0.826507,0.458161
0.548,0.825912,0.459111
0.549,0.825316,0.460063
0.55,0.824719,0.461015
0.551,0.824121,0.461967
0.552,0.823523,0.462921
0.553,0.822924,0.463875
0.554,0.822324,0.464829
0.555,0.821723,0.465785
0.556,0.821121,0.466741
0.557,0.820519,0.467698
0.558,0.819916,0.468655
0.559,0.819312,0.469614
0.56,0.818707,0.470573
0.561,0.818101,0.471532
0.562,0.817495,0.472493
0.563,0.816888,0.473454
0.564,0.81628,0.474416
0.565,0.815671,0.475378
0.566,0.815062,0.476341
0.567,0.814451,0.477305
0.568,0.81384,0.47827
0.569,0.813229,0.479235
0.57,0.812616,0.480201
0.571,0.812003,0.481168
0.572,0.811389,0.482136
0.573,0.810774,0.483104
0.574,0.810158,0.484073
0.575,0.809542,0.485043
0.576,0.808925,0.486014
0.577,0.808307,0.486985
0.578,0.807688,0.487957
0.579,0.807068,0.48893
0.58,0.806448,0.489903
0.581,0.805827,0.490878
0.582,0.805205,0.491853
0.583,0.804583,0.492828
0.584,0.80396,0.493805
0.585,0.803336,0.494782
0.586,0.802711,0.49576
0.587,0.802086,0.496739
0.588,0.801459,0.497719
0.589,0.800832,0.498699
0.59,0.800205,0.49968
0.591,0.799576,0.500662
0.592,0.798947,0.501645
0.593,0.798317,0.502628
0.594,0.797686,0.503612
0.595,0.797055,0.504597
0.596,0.796423,0.505583
0.597,0.79579,0.50657
0.598,0.795157,0.507557
0.599,0.794522,0.508545
0.6,0.793887,0.509534
0.601,0.793251,0.510524
0.602,0.792615,0.511514
0.603,0.791978,0.512505
0.604,0.79134,0.513498
0.605,0.790701,0.51449
0.606,0.790062,0.515484
0.607,0.789422,0.516479
0.608,0.788781,0.517474
0.609,0.788139,0.51847
0.61,0.787497,0.519467
0.611,0.786854,0.520465
0.612,0.786211,0.521463
0.613,0.785566,0.522463
0.614,0.784921,0.523463
0.615,0.784275,0.524464
0.616,0.783629,0.525466
0.617,0.782982,0.526468
0.618,0.782334,0.527472
0.619,0.781685,0.528476
0.62,0.781036,0.529481
0.621,0.780386,0.530487
0.622,0.779736,0.531494
0.623,0.779084,0.532502
0.624,0.778432,0.53351
0.625,0.777779,0.53452
0.626,0.777126,0.53553
0.627,0.776472,0.536541
0.628,0.775817,0.537553
0.629,0.775162,0.538566
0.63,0.774506,0.539579
0.631,0.773849,0.540594
0.632,0.773191,0.541609
0.633,0.772533,0.542626
0.634,0.771875,0.543643
0.635,0.771215,0.544661
0.636,0.770555,0.545679
0.637,0.769894,0.546699
0.638,0.769233,0.54772
0.639,0.76857,0.548741
0.64,0.767908,0.549763
0.641,0.767244,0.550787
0.642,0.76658,0.551811
0.643,0.765915,0.552836
0.644,0.76525,0.553862
0.645,0.764584,0.554888
0.646,0.763917,0.555916
0.647,0.76325,0.556945
0.648,0.762582,0.557974
0.649,0.761913,0.559005
0.65,0.761244,0.560036
0.651,0.760573,0.561068
0.652,0.759903,0.562101
0.653,0.759232,0.563135
0.654,0.75856,0.56417
0.655,0.757887,0.565206
0.656,0.757214,0.566243
0.657,0.75654,0.56728
0.658,0.755866,0.568319
0.659,0.755191,0.569358
0.66,0.754515,0.570399
0.661,0.753839,0.57144
0.662,0.753162,0.572483
0.663,0.752484,0.573526
0.664,0.751806,0.57457
0.665,0.751127,0.575615
0.666,0.750447,0.576661
0.667,0.749767,0.577708
0.668,0.749087,0.578756
0.669,0.748405,0.579805
0.67,0.747723,0.580855
0.671,0.747041,0.581906
0.672,0.746358,0.582958
0.673,0.745674,0.584011
0.674,0.74499,0.585065
0.675,0.744305,0.586119
0.676,0.743619,0.587175
0.677,0.742933,0.588232
0.678,0.742246,0.589289
0.679,0.741559,0.590348
0.68,0.740871,0.591407
0.681,0.740182,0.592468
0.682,0.739493,0.59353
0.683,0.738803,0.594592
0.684,0.738113,0.595656
0.685,0.737422,0.59672
0.686,0.736731,0.597786
0.687,0.736039,0.598852
0.688,0.735346,0.59992
0.689,0.734653,0.600989
0.69,0.733959,0.602058
0.691,0.733265,0.603129
0.692,0.73257,0.6042
0.693,0.731874,0.605273
0.694,0.731178,0.606347
0.695,0.730481,0.607421
0.696,0.729784,0.608497
0.697,0.729086,0.609574
0.698,0.728388,0.610651
0.699,0.727689,0.61173
0.7,0.726989,0.61281
0.701,0.726289,0.613891
0.702,0.725588,0.614973
0.703,0.724887,0.616056
0.704,0.724186,0.61714
0.705,0.723483,0.618225
0.706,0.72278,0.619311
0.707,0.722077,0.620398
0.708,0.721373,0.621486
0.709,0.720669,0.622576
0.71,0.719964,0.623666
0.711,0.719258,0.624757
0.712,0.718552,0.62585
0.713,0.717845,0.626944
0.714,0.717138,0.628038
0.715,0.71643,0.629134
0.716,0.715722,0.630231
0.717,0.715013,0.631329
0.718,0.714304,0.632428
0.719,0.713594,0.633528
0.72,0.712884,0.634629
0.721,0.712173,0.635731
0.722,0.711461,0.636834
0.723,0.710749,0.637939
0.724,0.710037,0.639044
0.725,0.709324,0.640151
0.726,0.70861,0.641259
0.727,0.707896,0.642368
0.728,0.707182,0.643478
0.729,0.706467,0.644589
0.73,0.705751,0.645701
0.731,0.705035,0.646815
0.732,0.704318,0.647929
0.733,0.703601,0.649045
0.734,0.702884,0.650162
0.735,0.702166,0.65128
0.736,0.701447,0.652399
0.737,0.700728,0.653519
0.738,0.700008,0.654641
0.739,0.699288,0.655763
0.74,0.698568,0.656887
0.741,0.697847,0.658012
0.742,0.697125,0.659138
0.743,0.696403,0.660265
0.744,0.695681,0.661393
0.745,0.694958,0.662523
0.746,0.694234,0.663654
0.747,0.69351,0.664786
0.748,0.692786,0.665919
0.749,0.692061,0.667053
0.75,0.691335,0.668188
0.751,0.69061,0.669325
0.752,0.689883,0.670463
0.753,0.689156,0.671602
0.754,0.688429,0.672742
0.755,0.687702,0.673884
0.756,0.686973,0.675026
0.757,0.686245,0.67617
0.758,0.685516,0.677315
0.759,0.684786,0.678462
0.76,0.684056,0.679609
0.761,0.683326,0.680758
0.762,0.682595,0.681908
0.763,0.681863,0.683059
0.764,0.681131,0.684212
0.765,0.680399,0.685365
0.766,0.679666,0.68652
0.767,0.678933,0.687677
0.768,0.6782,0.688834
0.769,0.677466,0.689993
0.77,0.676731,0.691153
0.771,0.675996,0.692314
0.772,0.675261,0.693476
0.773,0.674525,0.69464
0.774,0.673789,0.695805
0.775,0.673052,0.696971
0.776,0.672315,0.698139
0.777,0.671578,0.699308
0.778,0.67084,0.700478
0.779,0.670101,0.701649
0.78,0.669363,0.702822
0.781,0.668623,0.703996
0.782,0.667884,0.705171
0.783,0.667144,0.706348
0.784,0.666403,0.707526
0.785,0.665663,0.708705
0.786,0.664921,0.709885
0.787,0.66418,0.711067
0.788,0.663438,0.71225
0.789,0.662695,0.713435
0.79,0.661952,0.714621
0.791,0.661209,0.715808
0.792,0.660465,0.716996
0.793,0.659721,0.718186
0.794,0.658977,0.719377
0.795,0.658232,0.72057
0.796,0.657487,0.721764
0.797,0.656741,0.722959
0.798,0.655995,0.724156
0.799,0.655249,0.725354
0.8,0.654502,0.726553
0.801,0.653755,0.727754
0.802,0.653007,0.728956
0.803,0.652259,0.730159
0.804,0.651511,0.731364
0.805,0.650763,0.73257
0.806,0.650014,0.733778
0.807,0.649264,0.734987
0.808,0.648514,0.736197
0.809,0.647764,0.737409
0.81,0.647014,0.738622
0.811,0.646263,0.739837
0.812,0.645512,0.741052
0.813,0.64476,0.74227
0.814,0.644008,0.743489
0.815,0.643256,0.744709
0.816,0.642503,0.745931
0.817,0.64175,0.747154
0.818,0.640997,0.748378
0.819,0.640243,0.749604
0.82,0.639489,0.750832
0.821,0.638735,0.752061
0.822,0.63798,0.753291
0.823,0.637225,0.754523
0.824,0.636469,0.755756
0.825,0.635714,0.756991
0.826,0.634958,0.758227
0.827,0.634201,0.759465
0.828,0.633444,0.760704
0.829,0.632687,0.761944
0.83,0.63193,0.763187
0.831,0.631172,0.76443
0.832,0.630414,0.765675
0.833,0.629656,0.766922
0.834,0.628897,0.76817
0.835,0.628138,0.76942
0.836,0.627379,0.770671
0.837,0.626619,0.771923
0.838,0.625859,0.773177
0.839,0.625099,0.774433
0.84,0.624338,0.77569
0.841,0.623577,0.776949
0.842,0.622816,0.778209
0.843,0.622055,0.779471
0.844,0.621293,0.780735
0.845,0.620531,0.782
0.846,0.619769,0.783266
0.847,0.619006,0.784534
0.848,0.618243,0.785804
0.849,0.61748,0.787075
0.85,0.616716,0.788347
0.851,0.615952,0.789622
0.852,0.615188,0.790898
0.853,0.614424,0.792175
0.854,0.613659,0.793454
0.855,0.612894,0.794735
0.856,0.612129,0.796017
0.857,0.611363,0.797301
0.858,0.610597,0.798586
0.859,0.609831,0.799874
0.86,0.609065,0.801162
0.861,0.608298,0.802453
0.862,0.607532,0.803744
0.863,0.606764,0.805038
0.864,0.605997,0.806333
0.865,0.605229,0.80763
0.866,0.604461,0.808929
0.867,0.603693,0.810229
0.868,0.602925,0.811531
0.869,0.602156,0.812834
0.87,0.601387,0.814139
0.871,0.600618,0.815446
0.872,0.599848,0.816755
0.873,0.599079,0.818065
0.874,0.598309,0.819377
0.875,0.597539,0.82069
0.876,0.596768,0.822005
0.877,0.595997,0.823322
0.878,0.595227,0.824641
0.879,0.594455,0.825961
0.88,0.593684,0.827283
0.881,0.592912,0.828607
0.882,0.592141,0.829933
0.883,0.591368,0.83126
0.884,0.590596,0.832589
0.885,0.589824,0.83392
0.886,0.589051,0.835252
0.887,0.588278,0.836586
0.888,0.587505,0.837922
0.889,0.586731,0.83926
0.89,0.585958,0.840599
0.891,0.585184,0.841941
0.892,0.58441,0.843284
0.893,0.583636,0.844629
0.894,0.582861,0.845975
0.895,0.582087,0.847323
0.896,0.581312,0.848674
0.897,0.580537,0.850026
0.898,0.579762,0.851379
0.899,0.578986,0.852735
0.9,0.578211,0.854092
0.901,0.577435,0.855452
0.902,0.576659,0.856813
0.903,0.575882,0.858176
0.904,0.575106,0.85954
0.905,0.57433,0.860907
0.906,0.573553,0.862275
0.907,0.572776,0.863646
0.908,0.571999,0.865018
0.909,0.571221,0.866392
0.91,0.570444,0.867768
0.911,0.569666,0.869145
0.912,0.568888,0.870525
0.913,0.56811,0.871907
0.914,0.567332,0.87329
0.915,0.566554,0.874675
0.916,0.565775,0.876063
0.917,0.564997,0.877452
0.918,0.564218,0.878843
0.919,0.563439,0.880236
0.92,0.56266,0.881631
0.921,0.561881,0.883028
0.922,0.561101,0.884426
0.923,0.560322,0.885827
0.924,0.559542,0.88723
0.925,0.558762,0.888634
0.926,0.557982,0.890041
0.927,0.557202,0.891449
0.928,0.556421,0.89286
0.929,0.555641,0.894272
0.93,0.55486,0.895687
0.931,0.55408,0.897103
0.932,0.553299,0.898522
0.933,0.552518,0.899942
0.934,0.551737,0.901365
0.935,0.550955,0.902789
0.936,0.550174,0.904216
0.937,0.549393,0.905644
0.938,0.548611,0.907075
0.939,0.547829,0.908508
0.94,0.547047,0.909942
0.941,0.546265,0.911379
0.942,0.545483,0.912818
0.943,0.544701,0.914259
0.944,0.543919,0.915702
0.945,0.543136,0.917147
0.946,0.542354,0.918594
0.947,0.541571,0.920043
0.948,0.540789,0.921494
0.949,0.540006,0.922948
0.95,0.539223,0.924403
0.951,0.53844,0.925861
0.952,0.537657,0.92732
0.953,0.536873,0.928782
0.954,0.53609,0.930246
0.955,0.535307,0.931712
0.956,0.534523,0.933181
0.957,0.53374,0.934651
0.958,0.532956,0.936124
0.959,0.532172,0.937598
0.96,0.531389,0.939075
0.961,0.530605,0.940554
0.962,0.529821,0.942036
0.963,0.529037,0.943519
0.964,0.528253,0.945005
0.965,0.527468,0.946493
0.966,0.526684,0.947983
0.967,0.5259,0.949475
0.968,0.525115,0.95097
0.969,0.524331,0.952466
0.97,0.523546,0.953966
0.971,0.522762,0.955467
0.972,0.521977,0.95697
0.973,0.521193,0.958476
0.974,0.520408,0.959984
0.975,0.519623,0.961495
0.976,0.518838,0.963007
0.977,0.518053,0.964522
0.978,0.517269,0.966039
0.979,0.516484,0.967559
0.98,0.515699,0.969081
0.981,0.514914,0.970605
0.982,0.514129,0.972131
0.983,0.513343,0.97366
0.984,0.512558,0.975191
0.985,0.511773,0.976725
0.986,0.510988,0.97826
0.987,0.510203,0.979799
0.988,0.509417,0.981339
0.989,0.508632,0.982882
0.99,0.507847,0.984428
0.991,0.507062,0.985975
0.992,0.506276,0.987525
0.993,0.505491,0.989078
0.994,0.504706,0.990633
0.995,0.50392,0.99219
0.996,0.503135,0.99375
0.997,0.502349,0.995312
0.998,0.501564,0.996877
0.999,0.500778,0.998445
1,0.5,1
